length_accessible,length_all_habitat,dci_a,dci_p
653725.2980165955,1022716.9265856142,0.6392,0.4107
