length_accessible,length_all_habitat,dci_a,dci_p
187714.3198410188,211825.62131090002,0.8862,0.7864
