length_accessible,length_all_habitat,dci_a,dci_p
187714.31984101873,211825.62131089997,0.8862,0.7864
