length_accessible,length_all_habitat,dci_a,dci_p
187714.31984101876,211825.6213109,0.8862,0.7864
