length_accessible,length_all_habitat,dci_a,dci_p
204321.83672432048,209596.62049985953,0.9748,0.9504
