length_accessible,length_all_habitat,dci_a,dci_p
204321.83672432057,209596.62049985962,0.9748,0.9504
