length_accessible,length_all_habitat,dci_a,dci_p
685137.512364706,996902.4173347164,0.6873,0.4744
