length_accessible,length_all_habitat,dci_a,dci_p
204321.83672432054,209596.6204998596,0.9748,0.9504
