length_accessible,length_all_habitat,dci_a,dci_p
685137.5123647043,996902.4173347142,0.6873,0.4744
