length_accessible,length_all_habitat,dci_a,dci_p
203767.67837009983,209596.62049985953,0.9722,0.9453
