length_accessible,length_all_habitat,dci_a,dci_p
685200.2314357033,996957.519912384,0.6873,0.4744
