length_accessible,length_all_habitat,dci_a,dci_p
685137.5123647045,996902.4173347147,0.6873,0.4744
