length_accessible,length_all_habitat,dci_a,dci_p
203618.17333909028,209447.11546884998,0.9722,0.9452
