length_accessible,length_all_habitat,dci_a,dci_p
643551.0831153258,951774.7564484365,0.6762,0.4259
