length_accessible,length_all_habitat,dci_a,dci_p
680259.8511123211,989798.9580845519,0.6873,0.4744
