length_accessible,length_all_habitat,dci_a,dci_p
203618.1733390906,209447.1154688503,0.9722,0.9406
