length_accessible,length_all_habitat,dci_a,dci_p
203829.90970007546,209658.85182983516,0.9722,0.9453
